Submethod,PSNR,SSIM,LPIPS,Size [Bytes],#Gaussians
 w/o PP,34.911171,0.9862,0.0125751,6110690,153570
 w/ PP,34.5797844,0.9850635,0.0133816,2891271,153570