Submethod,PSNR,SSIM,LPIPS,Size [Bytes],#Gaussians
 w/o PP,35.43647,0.9866442,0.0133926,4926470,83910
 w/ PP,35.0561562,0.9866442,0.0133926,1918502,83910