Submethod,PSNR,SSIM,LPIPS,Size [Bytes],#Gaussians
 w/o PP,31.5086517,0.9049225,0.1134113,6023514,148442
 w/ PP,31.061182,0.9026996,0.1148738,3052476,148442